rank,title,original_title,people_info,year,country_text,genre_text,rating,rating_count,quote,detail_url,source_url,fetched_at,decade
1,肖申克的救赎,The Shawshank Redemption,导演: 弗兰克·德拉邦特 Frank Darabont 主演: 蒂姆·罗宾斯 Tim Robbins /...,1994,美国,犯罪 / 剧情,9.7,3298535,希望让人自由。,https://movie.douban.com/subject/1292052/,https://movie.douban.com/top250?start=0&filter=,2026-06-26T20:43:20+08:00,1990
2,霸王别姬,,导演: 陈凯歌 Kaige Chen 主演: 张国荣 Leslie Cheung / 张丰毅 Fengyi Zha...,1993,中国大陆 / 中国香港,剧情 / 爱情 / 同性,9.6,2434082,风华绝代。,https://movie.douban.com/subject/1291546/,https://movie.douban.com/top250?start=0&filter=,2026-06-26T20:43:20+08:00,1990
3,泰坦尼克号,Titanic,导演: 詹姆斯·卡梅隆 James Cameron 主演: 莱昂纳多·迪卡普里奥 Leonardo...,1997,美国,剧情 / 爱情 / 灾难,9.5,2509821,失去的才是永恒的。,https://movie.douban.com/subject/1292722/,https://movie.douban.com/top250?start=0&filter=,2026-06-26T20:43:20+08:00,1990
4,阿甘正传,Forrest Gump,导演: 罗伯特·泽米吉斯 Robert Zemeckis 主演: 汤姆·汉克斯 Tom Hanks / ...,1994,美国,剧情 / 爱情,9.5,2439595,一部美国近现代史。,https://movie.douban.com/subject/1292720/,https://movie.douban.com/top250?start=0&filter=,2026-06-26T20:43:20+08:00,1990
5,千与千寻,千と千尋の神隠し,导演: 宫崎骏 Hayao Miyazaki 主演: 柊瑠美 Rumi Hîragi / 入野自由 Miy...,2001,日本,剧情 / 动画 / 奇幻,9.4,2548105,最好的宫崎骏，最好的久石让。,https://movie.douban.com/subject/1291561/,https://movie.douban.com/top250?start=0&filter=,2026-06-26T20:43:20+08:00,2000
6,星际穿越,Interstellar,导演: 克里斯托弗·诺兰 Christopher Nolan 主演: 马修·麦康纳 Matthew Mc...,2014,美国 / 英国 / 加拿大,剧情 / 科幻 / 冒险,9.4,2196233,爱是一种力量，让我们超越时空感知它的存在。,https://movie.douban.com/subject/1889243/,https://movie.douban.com/top250?start=0&filter=,2026-06-26T20:43:20+08:00,2010
7,美丽人生,La vita è bella,导演: 罗伯托·贝尼尼 Roberto Benigni 主演: 罗伯托·贝尼尼 Roberto Beni...,1997,意大利,剧情 / 喜剧 / 爱情 / 战争,9.5,1487921,最美的谎言。,https://movie.douban.com/subject/1292063/,https://movie.douban.com/top250?start=0&filter=,2026-06-26T20:43:20+08:00,1990
8,这个杀手不太冷,Léon,导演: 吕克·贝松 Luc Besson 主演: 让·雷诺 Jean Reno / 娜塔莉·波特曼 ...,1994,法国 / 美国,剧情 / 动作 / 犯罪,9.4,2560665,怪蜀黍和小萝莉不得不说的故事。,https://movie.douban.com/subject/1295644/,https://movie.douban.com/top250?start=0&filter=,2026-06-26T20:43:20+08:00,1990
9,盗梦空间,Inception,导演: 克里斯托弗·诺兰 Christopher Nolan 主演: 莱昂纳多·迪卡普里奥 Le...,2010,美国 / 英国,剧情 / 科幻 / 悬疑 / 冒险,9.4,2334656,诺兰给了我们一场无法盗取的梦。,https://movie.douban.com/subject/3541415/,https://movie.douban.com/top250?start=0&filter=,2026-06-26T20:43:20+08:00,2010
10,楚门的世界,The Truman Show,导演: 彼得·威尔 Peter Weir 主演: 金·凯瑞 Jim Carrey / 劳拉·琳妮 Lau...,1998,美国,剧情 / 科幻,9.4,2029693,如果再也不能见到你，祝你早安，午安，晚安。,https://movie.douban.com/subject/1292064/,https://movie.douban.com/top250?start=0&filter=,2026-06-26T20:43:20+08:00,1990
11,辛德勒的名单,Schindler's List,导演: 史蒂文·斯皮尔伯格 Steven Spielberg 主演: 连姆·尼森 Liam Neeson...,1993,美国,剧情 / 历史 / 战争,9.5,1251754,拯救一个人，就是拯救整个世界。,https://movie.douban.com/subject/1295124/,https://movie.douban.com/top250?start=0&filter=,2026-06-26T20:43:20+08:00,1990
12,忠犬八公的故事,Hachi: A Dog's Tale,导演: 莱塞·霍尔斯道姆 Lasse Hallström 主演: 理查·基尔 Richard Ger...,2009,美国 / 英国,剧情,9.4,1548873,永远都不能忘记你所爱的人。,https://movie.douban.com/subject/3011091/,https://movie.douban.com/top250?start=0&filter=,2026-06-26T20:43:20+08:00,2000
13,海上钢琴师,La leggenda del pianista sull'oceano,导演: 朱塞佩·托纳多雷 Giuseppe Tornatore 主演: 蒂姆·罗斯 Tim Roth / ...,1998,意大利,剧情 / 音乐,9.3,1886630,每个人都要走一条自己坚定了的路，就算是粉身碎骨。,https://movie.douban.com/subject/1292001/,https://movie.douban.com/top250?start=0&filter=,2026-06-26T20:43:20+08:00,1990
14,疯狂动物城,Zootopia,导演: 拜伦·霍华德 Byron Howard / 瑞奇·摩尔 Rich Moore 主演: 金妮弗·...,2016,美国,喜剧 / 动画 / 冒险,9.3,2332315,迪士尼给我们营造的乌托邦就是这样，永远善良勇敢，永远出乎意料。,https://movie.douban.com/subject/25662329/,https://movie.douban.com/top250?start=0&filter=,2026-06-26T20:43:20+08:00,2010
15,三傻大闹宝莱坞,3 Idiots,导演: 拉库马·希拉尼 Rajkumar Hirani 主演: 阿米尔·汗 Aamir Khan / 卡...,2009,印度,剧情 / 喜剧 / 爱情 / 歌舞,9.2,2086478,英俊版憨豆，高情商版谢耳朵。,https://movie.douban.com/subject/3793023/,https://movie.douban.com/top250?start=0&filter=,2026-06-26T20:43:20+08:00,2000
16,机器人总动员,WALL·E,导演: 安德鲁·斯坦顿 Andrew Stanton 主演: 本·贝尔特 Ben Burtt / 艾丽...,2008,美国,科幻 / 动画 / 冒险,9.3,1500538,小瓦力，大人生。,https://movie.douban.com/subject/2131459/,https://movie.douban.com/top250?start=0&filter=,2026-06-26T20:43:20+08:00,2000
17,放牛班的春天,Les choristes,导演: 克里斯托夫·巴拉蒂 Christophe Barratier 主演: 让-巴蒂斯特·莫尼...,2004,法国 / 瑞士 / 德国,剧情 / 音乐,9.3,1479733,天籁一般的童声，是最接近上帝的存在。,https://movie.douban.com/subject/1291549/,https://movie.douban.com/top250?start=0&filter=,2026-06-26T20:43:20+08:00,2000
18,无间道,無間道,导演: 刘伟强 / 麦兆辉 主演: 刘德华 Andy Lau / 梁朝伟 Tony Leung Chiu W...,2002,中国香港,剧情 / 犯罪 / 惊悚,9.3,1572720,香港电影史上永不过时的杰作。,https://movie.douban.com/subject/1307914/,https://movie.douban.com/top250?start=0&filter=,2026-06-26T20:43:20+08:00,2000
19,控方证人,Witness for the Prosecution,导演: 比利·怀尔德 Billy Wilder 主演: 泰隆·鲍华 Tyrone Power / 玛琳·...,1957,美国,剧情 / 犯罪 / 悬疑 / 惊悚,9.6,749474,比利·怀德满分作品。,https://movie.douban.com/subject/1296141/,https://movie.douban.com/top250?start=0&filter=,2026-06-26T20:43:20+08:00,1950
20,寻梦环游记,Coco,导演: 李·昂克里奇 Lee Unkrich / 阿德里安·莫利纳 Adrian Molina 主演: ...,2017,美国,喜剧 / 动画 / 奇幻 / 音乐,9.1,2001601,死亡不是真的逝去，遗忘才是永恒的消亡。,https://movie.douban.com/subject/20495023/,https://movie.douban.com/top250?start=0&filter=,2026-06-26T20:43:20+08:00,2010
21,大话西游之大圣娶亲,西遊記大結局之仙履奇緣,导演: 刘镇伟 Jeffrey Lau 主演: 周星驰 Stephen Chow / 吴孟达 Man Tat Ng...,1995,中国香港 / 中国大陆,喜剧 / 爱情 / 奇幻 / 古装,9.2,1716005,一生所爱。,https://movie.douban.com/subject/1292213/,https://movie.douban.com/top250?start=0&filter=,2026-06-26T20:43:20+08:00,1990
22,熔炉,도가니,导演: 黄东赫 Dong-hyuk Hwang 主演: 孔侑 Yoo Gong / 郑有美 Yu-mi Jung /...,2011,韩国,剧情,9.3,1039678,我们一路奋战不是为了改变世界，而是为了不让世界改变我们。,https://movie.douban.com/subject/5912992/,https://movie.douban.com/top250?start=0&filter=,2026-06-26T20:43:20+08:00,2010
23,触不可及,Intouchables,导演: 奥利维·那卡什 Olivier Nakache / 艾力克·托兰达 Eric Toledano 主...,2011,法国,剧情 / 喜剧,9.3,1302103,满满温情的高雅喜剧。,https://movie.douban.com/subject/6786002/,https://movie.douban.com/top250?start=0&filter=,2026-06-26T20:43:20+08:00,2010
24,教父,The Godfather,导演: 弗朗西斯·福特·科波拉 Francis Ford Coppola 主演: 马龙·白兰度 M...,1972,美国,剧情 / 犯罪,9.3,1112889,千万不要记恨你的对手，这样会让你失去理智。,https://movie.douban.com/subject/1291841/,https://movie.douban.com/top250?start=0&filter=,2026-06-26T20:43:20+08:00,1970
25,末代皇帝,The Last Emperor,导演: 贝纳尔多·贝托鲁奇 Bernardo Bertolucci 主演: 尊龙 John Lone / 陈...,1987,英国 / 意大利 / 中国大陆 / 法国,剧情 / 传记 / 历史,9.3,1034153,“不要跟我比惨，我比你更惨”再适合这部电影不过了。,https://movie.douban.com/subject/1293172/,https://movie.douban.com/top250?start=0&filter=,2026-06-26T20:43:20+08:00,1980
26,哈利·波特与魔法石,Harry Potter and the Sorcerer's Stone,导演: Chris Columbus 主演: Daniel Radcliffe / Emma Watson / Rupert Grint,2001,美国 / 英国,奇幻 / 冒险,9.2,1430807,童话世界的开端。,https://movie.douban.com/subject/1295038/,https://movie.douban.com/top250?start=25&filter=,2026-06-26T20:43:20+08:00,2000
27,当幸福来敲门,The Pursuit of Happyness,导演: 加布里尔·穆奇诺 Gabriele Muccino 主演: 威尔·史密斯 Will Smith ...,2006,美国,剧情 / 传记 / 家庭,9.1,1694809,平民励志片。,https://movie.douban.com/subject/1849031/,https://movie.douban.com/top250?start=25&filter=,2026-06-26T20:43:20+08:00,2000
28,龙猫,となりのトトロ,导演: 宫崎骏 Hayao Miyazaki 主演: 日高法子 Noriko Hidaka / 坂本千夏 Ch...,1988,日本,动画 / 奇幻 / 冒险,9.2,1417007,人人心中都有个龙猫，童年就永远不会消失。,https://movie.douban.com/subject/1291560/,https://movie.douban.com/top250?start=25&filter=,2026-06-26T20:43:20+08:00,1980
29,活着,,导演: 张艺谋 Yimou Zhang 主演: 葛优 You Ge / 巩俐 Li Gong / 姜武 Wu Jiang,1994,中国大陆 / 中国香港,剧情 / 历史 / 家庭,9.3,975370,张艺谋最好的电影。,https://movie.douban.com/subject/1292365/,https://movie.douban.com/top250?start=25&filter=,2026-06-26T20:43:20+08:00,1990
30,怦然心动,Flipped,导演: 罗伯·莱纳 Rob Reiner 主演: 玛德琳·卡罗尔 Madeline Carroll / 卡...,2010,美国,剧情 / 喜剧 / 爱情,9.1,2059985,真正的幸福是来自内心深处。,https://movie.douban.com/subject/3319755/,https://movie.douban.com/top250?start=25&filter=,2026-06-26T20:43:20+08:00,2010
31,蝙蝠侠：黑暗骑士,The Dark Knight,导演: 克里斯托弗·诺兰 Christopher Nolan 主演: 克里斯蒂安·贝尔 Christ...,2008,美国 / 英国,剧情 / 动作 / 科幻 / 犯罪 / 惊悚,9.2,1198138,无尽的黑暗。,https://movie.douban.com/subject/1851857/,https://movie.douban.com/top250?start=25&filter=,2026-06-26T20:43:20+08:00,2000
32,指环王3：王者无敌,The Lord of the Rings: The Return of the King,导演: 彼得·杰克逊 Peter Jackson 主演: 伊利亚·伍德 Elijah Wood / 西恩...,2003,美国 / 新西兰,剧情 / 动作 / 奇幻 / 冒险,9.3,914935,史诗的终章。,https://movie.douban.com/subject/1291552/,https://movie.douban.com/top250?start=25&filter=,2026-06-26T20:43:20+08:00,2000
33,我不是药神,,导演: 文牧野 Muye Wen 主演: 徐峥 Zheng Xu / 王传君 Chuanjun Wang / 周...,2018,中国大陆,剧情 / 喜剧,9.0,2360315,对我们国家而言，这样的电影多一部是一部。,https://movie.douban.com/subject/26752088/,https://movie.douban.com/top250?start=25&filter=,2026-06-26T20:43:20+08:00,2010
34,乱世佳人,Gone with the Wind,导演: 维克多·弗莱明 Victor Fleming / 乔治·库克 George Cukor 主演: 费...,1939,美国,剧情 / 历史 / 爱情 / 战争,9.3,800346,Tomorrow is another day.,https://movie.douban.com/subject/1300267/,https://movie.douban.com/top250?start=25&filter=,2026-06-26T20:43:20+08:00,1930
35,让子弹飞,,导演: 姜文 Wen Jiang 主演: 姜文 Wen Jiang / 葛优 You Ge / 周润发 Yun-F...,2010,中国大陆 / 中国香港,剧情 / 喜剧 / 动作 / 西部,9.0,1928503,你给我翻译翻译，神马叫做TMD的惊喜。,https://movie.douban.com/subject/3742360/,https://movie.douban.com/top250?start=25&filter=,2026-06-26T20:43:20+08:00,2010
36,飞屋环游记,Up,导演: 彼特·道格特 Pete Docter / 鲍勃·彼德森 Bob Peterson 主演: 爱德...,2009,美国,剧情 / 喜剧 / 动画 / 冒险,9.1,1508122,最后那些最无聊的事情，才是最值得怀念的。,https://movie.douban.com/subject/2129039/,https://movie.douban.com/top250?start=25&filter=,2026-06-26T20:43:20+08:00,2000
37,哈尔的移动城堡,ハウルの動く城,导演: 宫崎骏 Hayao Miyazaki 主演: 倍赏千惠子 Chieko Baishô / 木村拓...,2004,日本,爱情 / 动画 / 奇幻 / 冒险,9.1,1299412,带着心爱的人在天空飞翔。,https://movie.douban.com/subject/1308807/,https://movie.douban.com/top250?start=25&filter=,2026-06-26T20:43:20+08:00,2000
38,十二怒汉,12 Angry Men,导演: 西德尼·吕美特 Sidney Lumet 主演: 亨利·方达 Henry Fonda / 马丁...,1957,美国,剧情,9.4,582501,1957年的理想主义。,https://movie.douban.com/subject/1293182/,https://movie.douban.com/top250?start=25&filter=,2026-06-26T20:43:20+08:00,1950
39,海蒂和爷爷,Heidi,导演: 阿兰·葛斯彭纳 Alain Gsponer 主演: 阿努克·斯特芬 Anuk Steffen /...,2015,德国 / 瑞士,剧情 / 冒险 / 家庭,9.3,789280,如果生活中有什么使你感到快乐，那就去做吧！不要管别人说什么。,https://movie.douban.com/subject/25958717/,https://movie.douban.com/top250?start=25&filter=,2026-06-26T20:43:20+08:00,2010
40,素媛,소원,导演: 李濬益 Jun-ik Lee 主演: 薛景求 Kyung-gu Sol / 严志媛 Ji-won Uhm ...,2013,韩国,剧情,9.3,780021,受过伤害的人总是笑得最开心，因为他们不愿意让身边的人承受一样的痛苦。,https://movie.douban.com/subject/21937452/,https://movie.douban.com/top250?start=25&filter=,2026-06-26T20:43:20+08:00,2010
41,猫鼠游戏,Catch Me If You Can,导演: 史蒂文·斯皮尔伯格 Steven Spielberg 主演: 莱昂纳多·迪卡普里奥 L...,2002,美国 / 加拿大,传记 / 犯罪 / 剧情,9.1,1218442,骗子大师和执著警探的你追我跑故事。,https://movie.douban.com/subject/1305487/,https://movie.douban.com/top250?start=25&filter=,2026-06-26T20:43:20+08:00,2000
42,天空之城,天空の城ラピュタ,导演: 宫崎骏 Hayao Miyazaki 主演: 田中真弓 Mayumi Tanaka / 横泽启子 Ke...,1986,日本,动画 / 奇幻 / 冒险,9.2,1013867,对天空的追逐，永不停止。,https://movie.douban.com/subject/1291583/,https://movie.douban.com/top250?start=25&filter=,2026-06-26T20:43:20+08:00,1980
43,鬼子来了,,导演: 姜文 Wen Jiang 主演: 姜文 Wen Jiang / 香川照之 Teruyuki Kagawa /...,2000,中国大陆,剧情 / 喜剧,9.3,719063,对敌人的仁慈，就是对自己残忍。,https://movie.douban.com/subject/1291858/,https://movie.douban.com/top250?start=25&filter=,2026-06-26T20:43:20+08:00,2000
44,摔跤吧！爸爸,Dangal,导演: 涅提·蒂瓦里 Nitesh Tiwari 主演: 阿米尔·汗 Aamir Khan / 法缇玛...,2016,印度,剧情 / 传记 / 运动 / 家庭,9.0,1753571,你不是在为你一个人战斗，你要让千千万万的女性看到女生并不是只能相夫教子。,https://movie.douban.com/subject/26387939/,https://movie.douban.com/top250?start=25&filter=,2026-06-26T20:43:20+08:00,2010
45,少年派的奇幻漂流,Life of Pi,导演: 李安 Ang Lee 主演: 苏拉·沙玛 Suraj Sharma / 伊尔凡·可汗 Irrfan...,2012,美国 / 中国台湾 / 英国 / 加拿大,剧情 / 奇幻 / 冒险,9.1,1495215,瑰丽壮观、无人能及的冒险之旅。,https://movie.douban.com/subject/1929463/,https://movie.douban.com/top250?start=25&filter=,2026-06-26T20:43:20+08:00,2010
46,钢琴家,The Pianist,导演: 罗曼·波兰斯基 Roman Polanski 主演: 艾德里安·布洛迪 Adrien Brod...,2002,英国 / 法国 / 波兰 / 德国 / 美国,剧情 / 传记 / 战争 / 音乐,9.3,754155,,https://movie.douban.com/subject/1296736/,https://movie.douban.com/top250?start=25&filter=,2026-06-26T20:43:20+08:00,2000
47,死亡诗社,Dead Poets Society,导演: 彼得·威尔 Peter Weir 主演: 罗宾·威廉姆斯 Robin Williams / 罗伯...,1989,美国,剧情,9.2,890046,当一个死水般的体制内出现一个活跃的变数时，所有的腐臭都站在了光明的对面。,https://movie.douban.com/subject/1291548/,https://movie.douban.com/top250?start=25&filter=,2026-06-26T20:43:20+08:00,1980
48,指环王2：双塔奇兵,The Lord of the Rings: The Two Towers,导演: 彼得·杰克逊 Peter Jackson 主演: 伊利亚·伍德 Elijah Wood / 西恩...,2002,美国 / 新西兰,剧情 / 动作 / 奇幻 / 冒险,9.2,861849,承前启后的史诗篇章。,https://movie.douban.com/subject/1291572/,https://movie.douban.com/top250?start=25&filter=,2026-06-26T20:43:20+08:00,2000
49,大话西游之月光宝盒,西遊記第壹佰零壹回之月光寶盒,导演: 刘镇伟 Jeffrey Lau 主演: 周星驰 Stephen Chow / 吴孟达 Man Tat Ng...,1995,中国香港 / 中国大陆,喜剧 / 爱情 / 奇幻 / 古装,9.0,1371832,,https://movie.douban.com/subject/1299398/,https://movie.douban.com/top250?start=25&filter=,2026-06-26T20:43:20+08:00,1990
50,绿皮书,Green Book,导演: 彼得·法雷里 Peter Farrelly 主演: 维果·莫腾森 Viggo Mortensen /...,2018,美国 / 中国大陆,剧情 / 喜剧 / 传记 / 音乐,8.9,1902749,去除成见，需要勇气。,https://movie.douban.com/subject/27060077/,https://movie.douban.com/top250?start=25&filter=,2026-06-26T20:43:20+08:00,2010
51,何以为家,كفرناحوم,导演: 娜丁·拉巴基 Nadine Labaki 主演: 扎因·拉费阿 Zain al-Rafeea / ...,2018,黎巴嫩 / 美国 / 法国 / 塞浦路斯 / 卡塔尔 / 英国,剧情,9.1,1166888,凝视卑弱生命，用电影改变命运。,https://movie.douban.com/subject/30170448/,https://movie.douban.com/top250?start=50&filter=,2026-06-26T20:43:20+08:00,2010
52,闻香识女人,Scent of a Woman,导演: 马丁·布莱斯 Martin Brest 主演: 阿尔·帕西诺 Al Pacino / 克里斯...,1992,美国,剧情,9.1,1028610,,https://movie.douban.com/subject/1298624/,https://movie.douban.com/top250?start=50&filter=,2026-06-26T20:43:20+08:00,1990
53,大闹天宫,,导演: 万籁鸣 Laiming Wan 主演: 邱岳峰 Yuefeng Qiu / 富润生 Runsheng Fu...,1961,(中国大陆),1964(中国大陆) / 1978(中国大陆) / 中国大陆 / 剧情 / 动画 / 奇幻 / 古装,9.4,513004,,https://movie.douban.com/subject/1418019/,https://movie.douban.com/top250?start=50&filter=,2026-06-26T20:43:20+08:00,1960
54,黑客帝国,The Matrix,导演: 安迪·沃卓斯基 Andy Wachowski / 拉娜·沃卓斯基 Lana Wachowski 主...,1999,美国,动作 / 科幻,9.1,955858,,https://movie.douban.com/subject/1291843/,https://movie.douban.com/top250?start=50&filter=,2026-06-26T20:43:20+08:00,1990
55,指环王1：护戒使者,The Lord of the Rings: The Fellowship of the Ring,导演: 彼得·杰克逊 Peter Jackson 主演: 伊利亚·伍德 Elijah Wood / 西恩...,2001,新西兰 / 美国 / 英国,剧情 / 动作 / 奇幻 / 冒险,9.1,965186,,https://movie.douban.com/subject/1291571/,https://movie.douban.com/top250?start=50&filter=,2026-06-26T20:43:20+08:00,2000
56,罗马假日,Roman Holiday,导演: 威廉·惠勒 William Wyler 主演: 奥黛丽·赫本 Audrey Hepburn / 格...,1953,美国,喜剧 / 剧情 / 爱情,9.1,1052601,,https://movie.douban.com/subject/1293839/,https://movie.douban.com/top250?start=50&filter=,2026-06-26T20:43:20+08:00,1950
57,教父2,The Godfather: Part II,导演: 弗朗西斯·福特·科波拉 Francis Ford Coppola 主演: 阿尔·帕西诺 A...,1974,美国,剧情 / 犯罪,9.3,644232,,https://movie.douban.com/subject/1299131/,https://movie.douban.com/top250?start=50&filter=,2026-06-26T20:43:20+08:00,1970
58,狮子王,The Lion King,导演: Roger Allers / 罗伯·明可夫 Rob Minkoff 主演: 乔纳森·泰勒·托马...,1994,美国,动画 / 冒险 / 歌舞,9.1,966013,,https://movie.douban.com/subject/1301753/,https://movie.douban.com/top250?start=50&filter=,2026-06-26T20:43:20+08:00,1990
59,天堂电影院,Nuovo Cinema Paradiso,导演: 朱塞佩·托纳多雷 Giuseppe Tornatore 主演: 菲利普·努瓦雷 Philipp...,1988,意大利 / 法国,剧情 / 爱情,9.2,744511,,https://movie.douban.com/subject/1291828/,https://movie.douban.com/top250?start=50&filter=,2026-06-26T20:43:20+08:00,1980
60,饮食男女,飲食男女,导演: 李安 Ang Lee 主演: 郎雄 Sihung Lung / 杨贵媚 Kuei-Mei Yang / 吴...,1994,中国台湾 / 美国,剧情 / 家庭,9.2,730830,,https://movie.douban.com/subject/1291818/,https://movie.douban.com/top250?start=50&filter=,2026-06-26T20:43:20+08:00,1990
61,辩护人,변호인,导演: 杨宇硕 Woo-seok Yang 主演: 宋康昊 Kang-ho Song / 金英爱 Yeong-ae...,2013,韩国,剧情,9.2,660591,电影的现实意义大过电影本身。,https://movie.douban.com/subject/21937445/,https://movie.douban.com/top250?start=50&filter=,2026-06-26T20:43:20+08:00,2010
62,本杰明·巴顿奇事,The Curious Case of Benjamin Button,导演: 大卫·芬奇 David Fincher 主演: 布拉德·皮特 Brad Pitt / 凯特·布...,2008,美国,剧情 / 爱情 / 奇幻,9.0,1110555,在时间之河里感受溺水之苦。,https://movie.douban.com/subject/1485260/,https://movie.douban.com/top250?start=50&filter=,2026-06-26T20:43:20+08:00,2000
63,搏击俱乐部,Fight Club,导演: 大卫·芬奇 David Fincher 主演: 爱德华·诺顿 Edward Norton / 布拉...,1999,美国,剧情 / 动作 / 悬疑 / 惊悚,9.0,982106,,https://movie.douban.com/subject/1292000/,https://movie.douban.com/top250?start=50&filter=,2026-06-26T20:43:20+08:00,1990
64,美丽心灵,A Beautiful Mind,导演: 朗·霍华德 Ron Howard 主演: 罗素·克劳 Russell Crowe / 艾德·哈...,2001,美国,传记 / 剧情,9.1,856956,,https://movie.douban.com/subject/1306029/,https://movie.douban.com/top250?start=50&filter=,2026-06-26T20:43:20+08:00,2000
65,穿条纹睡衣的男孩,The Boy in the Striped Pajamas,导演: 马克·赫尔曼 Mark Herman 主演: 阿萨·巴特菲尔德 Asa Butterfield ...,2008,英国 / 美国,剧情 / 战争,9.2,645090,尽管有些不切实际的幻想，这部电影依旧是一部感人肺腑的佳作。,https://movie.douban.com/subject/3008247/,https://movie.douban.com/top250?start=50&filter=,2026-06-26T20:43:20+08:00,2000
66,哈利·波特与死亡圣器(下),Harry Potter and the Deathly Hallows: Part 2,导演: 大卫·叶茨 David Yates 主演: 丹尼尔·雷德克里夫 Daniel Radcliffe...,2011,美国 / 英国,奇幻 / 冒险,9.0,976352,10年的完美句点。,https://movie.douban.com/subject/3011235/,https://movie.douban.com/top250?start=50&filter=,2026-06-26T20:43:20+08:00,2010
67,两杆大烟枪,"Lock, Stock and Two Smoking Barrels",导演: 盖·里奇 Guy Ritchie 主演: 杰森·弗莱明 Jason Flemyng / 德克斯特...,1998,英国,剧情 / 喜剧 / 犯罪,9.1,682108,,https://movie.douban.com/subject/1293350/,https://movie.douban.com/top250?start=50&filter=,2026-06-26T20:43:20+08:00,1990
68,情书,Love Letter,导演: 岩井俊二 Shunji Iwai 主演: 中山美穗 Miho Nakayama / 丰川悦司 Ets...,1995,日本,剧情 / 爱情,8.9,1333804,,https://movie.douban.com/subject/1292220/,https://movie.douban.com/top250?start=50&filter=,2026-06-26T20:43:20+08:00,1990
69,窃听风暴,Das Leben der Anderen,导演: 弗洛里安·亨克尔·冯·多纳斯马尔克 Florian Henckel von Donnersmarck &n...,2006,德国,剧情 / 悬疑,9.2,635216,别样人生。,https://movie.douban.com/subject/1900841/,https://movie.douban.com/top250?start=50&filter=,2026-06-26T20:43:20+08:00,2000
70,功夫,,导演: 周星驰 Stephen Chow 主演: 周星驰 Stephen Chow / 元秋 Qiu Yuen / ...,2004,中国大陆 / 中国香港,动作 / 喜剧 / 犯罪 / 奇幻,8.9,1345471,警恶惩奸，维护世界和平这个任务就交给你了，好吗？,https://movie.douban.com/subject/1291543/,https://movie.douban.com/top250?start=50&filter=,2026-06-26T20:43:20+08:00,2000
71,音乐之声,The Sound of Music,导演: 罗伯特·怀斯 Robert Wise 主演: 朱莉·安德鲁斯 Julie Andrews / 克...,1965,美国,剧情 / 传记 / 爱情 / 歌舞,9.1,687832,,https://movie.douban.com/subject/1294408/,https://movie.douban.com/top250?start=50&filter=,2026-06-26T20:43:20+08:00,1960
72,哈利·波特与阿兹卡班的囚徒,Harry Potter and the Prisoner of Azkaban,导演: 阿方索·卡隆 Alfonso Cuarón 主演: 丹尼尔·雷德克里夫 Daniel Rad...,2004,英国 / 美国,奇幻 / 冒险,9.0,897169,不一样的导演，不一样的哈利·波特。,https://movie.douban.com/subject/1291544/,https://movie.douban.com/top250?start=50&filter=,2026-06-26T20:43:20+08:00,2000
73,阿凡达,Avatar,导演: 詹姆斯·卡梅隆 James Cameron 主演: 萨姆·沃辛顿 Sam Worthington ...,2009,美国,动作 / 科幻 / 冒险,8.8,1593283,绝对意义上的美轮美奂。,https://movie.douban.com/subject/1652587/,https://movie.douban.com/top250?start=50&filter=,2026-06-26T20:43:20+08:00,2000
74,西西里的美丽传说,Malèna,导演: 朱塞佩·托纳多雷 Giuseppe Tornatore 主演: 莫妮卡·贝鲁奇 Monica ...,2000,意大利 / 美国,剧情 / 战争 / 情色,8.9,1098421,,https://movie.douban.com/subject/1292402/,https://movie.douban.com/top250?start=50&filter=,2026-06-26T20:43:20+08:00,2000
75,看不见的客人,Contratiempo,导演: 奥里奥尔·保罗 Oriol Paulo 主演: 马里奥·卡萨斯 Mario Casas / 阿...,2016,西班牙,剧情 / 犯罪 / 悬疑 / 惊悚,8.8,1448740,你以为你以为的就是你以为的。,https://movie.douban.com/subject/26580232/,https://movie.douban.com/top250?start=50&filter=,2026-06-26T20:43:20+08:00,2010
76,拯救大兵瑞恩,Saving Private Ryan,导演: 史蒂文·斯皮尔伯格 Steven Spielberg 主演: 汤姆·汉克斯 Tom Hanks...,1998,美国,剧情 / 战争,9.1,729323,,https://movie.douban.com/subject/1292849/,https://movie.douban.com/top250?start=75&filter=,2026-06-26T20:43:20+08:00,1990
77,沉默的羔羊,The Silence of the Lambs,导演: 乔纳森·戴米 Jonathan Demme 主演: 朱迪·福斯特 Jodie Foster / 安...,1991,美国,剧情 / 犯罪 / 惊悚,8.9,1022239,,https://movie.douban.com/subject/1293544/,https://movie.douban.com/top250?start=75&filter=,2026-06-26T20:43:20+08:00,1990
78,小鞋子,بچه های آسمان,导演: 马基德·马基迪 Majid Majidi 主演: 默罕默德·阿米尔·纳吉 Mohamma...,1997,伊朗,剧情 / 儿童 / 家庭,9.2,470217,,https://movie.douban.com/subject/1303021/,https://movie.douban.com/top250?start=75&filter=,2026-06-26T20:43:20+08:00,1990
79,蝴蝶效应,The Butterfly Effect,导演: 埃里克·布雷斯 Eric Bress / J·麦基·格鲁伯 J. Mackye Gruber 主...,2004,美国 / 加拿大,剧情 / 悬疑 / 科幻 / 惊悚,8.9,1074766,人的命运被自己瞬间的抉择改变。,https://movie.douban.com/subject/1292343/,https://movie.douban.com/top250?start=75&filter=,2026-06-26T20:43:20+08:00,2000
80,布达佩斯大饭店,The Grand Budapest Hotel,导演: 韦斯·安德森 Wes Anderson 主演: 拉尔夫·费因斯 Ralph Fiennes / ...,2014,美国 / 德国 / 英国,剧情 / 喜剧 / 冒险,8.9,1091967,小清新的故事里注入了大历史的情怀。,https://movie.douban.com/subject/11525673/,https://movie.douban.com/top250?start=75&filter=,2026-06-26T20:43:20+08:00,2010
81,还有明天,C'è ancora domani,导演: 宝拉·柯特莱西 Paola Cortellesi 主演: 宝拉·柯特莱西 Paola Corte...,2023,意大利,剧情 / 喜剧 / 历史,9.3,380089,,https://movie.douban.com/subject/36445098/,https://movie.douban.com/top250?start=75&filter=,2026-06-26T20:43:20+08:00,2020
82,飞越疯人院,One Flew Over the Cuckoo's Nest,导演: 米洛斯·福尔曼 Miloš Forman 主演: 杰克·尼科尔森 Jack Nichols...,1975,美国,剧情,9.1,608634,,https://movie.douban.com/subject/1292224/,https://movie.douban.com/top250?start=75&filter=,2026-06-26T20:43:20+08:00,1970
83,禁闭岛,Shutter Island,导演: Martin Scorsese 主演: 莱昂纳多·迪卡普里奥 Leonardo DiCaprio / ...,2010,美国,剧情 / 悬疑 / 惊悚,8.9,1121056,昔日翩翩少年，今日大腹便便。,https://movie.douban.com/subject/2334904/,https://movie.douban.com/top250?start=75&filter=,2026-06-26T20:43:20+08:00,2010
84,心灵捕手,Good Will Hunting,导演: 格斯·范·桑特 Gus Van Sant 主演: 马特·达蒙 Matt Damon / 罗宾·...,1997,美国,剧情,9.0,819911,,https://movie.douban.com/subject/1292656/,https://movie.douban.com/top250?start=75&filter=,2026-06-26T20:43:20+08:00,1990
85,致命魔术,The Prestige,导演: 克里斯托弗·诺兰 Christopher Nolan 主演: 休·杰克曼 Hugh Jackman...,2006,英国 / 美国,剧情 / 悬疑 / 惊悚,8.9,969450,孪生蝙蝠侠大战克隆金刚狼。,https://movie.douban.com/subject/1780330/,https://movie.douban.com/top250?start=75&filter=,2026-06-26T20:43:20+08:00,2000
86,低俗小说,Pulp Fiction,导演: 昆汀·塔伦蒂诺 Quentin Tarantino 主演: 约翰·特拉沃尔塔 John Tra...,1994,美国,剧情 / 喜剧 / 犯罪,8.9,965923,,https://movie.douban.com/subject/1291832/,https://movie.douban.com/top250?start=75&filter=,2026-06-26T20:43:20+08:00,1990
87,哈利·波特与密室,Harry Potter and the Chamber of Secrets,导演: Chris Columbus 主演: 丹尼尔·雷德克里夫 Daniel Radcliffe / 艾玛...,2002,英国 / 美国,奇幻 / 冒险,8.9,923831,,https://movie.douban.com/subject/1296996/,https://movie.douban.com/top250?start=75&filter=,2026-06-26T20:43:20+08:00,2000
88,一一,,导演: 杨德昌 Edward Yang 主演: 吴念真 / 李凯莉 Kelly Lee / 金燕玲 Elai...,2000,中国台湾 / 日本,剧情 / 爱情 / 家庭,9.1,518872,,https://movie.douban.com/subject/1292434/,https://movie.douban.com/top250?start=75&filter=,2026-06-26T20:43:20+08:00,2000
89,超脱,Detachment,导演: 托尼·凯耶 Tony Kaye 主演: 艾德里安·布洛迪 Adrien Brody / 马西...,2011,美国,剧情,9.0,728592,穷尽一生，我们要学会的，不过是彼此拥抱。,https://movie.douban.com/subject/5322596/,https://movie.douban.com/top250?start=75&filter=,2026-06-26T20:43:20+08:00,2010
90,喜剧之王,喜劇之王,导演: 周星驰 Stephen Chow / 李力持 Lik-Chi Lee 主演: 周星驰 Stephen Ch...,1999,中国香港,喜剧 / 剧情 / 爱情,8.8,1102965,,https://movie.douban.com/subject/1302425/,https://movie.douban.com/top250?start=75&filter=,2026-06-26T20:43:20+08:00,1990
91,杀人回忆,살인의 추억,导演: 奉俊昊 Joon-ho Bong 主演: 宋康昊 Kang-ho Song / 金相庆 Sang-kyun...,2003,韩国,剧情 / 动作 / 犯罪 / 悬疑 / 惊悚,8.9,844152,,https://movie.douban.com/subject/1300299/,https://movie.douban.com/top250?start=75&filter=,2026-06-26T20:43:20+08:00,2000
92,致命ID,Identity,导演: 詹姆斯·曼高德 James Mangold 主演: 约翰·库萨克 John Cusack / 雷...,2003,美国,剧情 / 悬疑 / 惊悚,8.9,957104,,https://movie.douban.com/subject/1297192/,https://movie.douban.com/top250?start=75&filter=,2026-06-26T20:43:20+08:00,2000
93,摩登时代,Modern Times,导演: 查理·卓别林 Charles Chaplin 主演: 查理·卓别林 Charles Chaplin ...,1936,美国,剧情 / 喜剧 / 爱情,9.3,349678,,https://movie.douban.com/subject/1294371/,https://movie.douban.com/top250?start=75&filter=,2026-06-26T20:43:20+08:00,1930
94,春光乍泄,春光乍洩,导演: 王家卫 Kar Wai Wong 主演: 张国荣 Leslie Cheung / 梁朝伟 Tony Leu...,1997,中国香港 / 日本 / 韩国,剧情 / 爱情 / 同性,9.0,713493,,https://movie.douban.com/subject/1292679/,https://movie.douban.com/top250?start=75&filter=,2026-06-26T20:43:20+08:00,1990
95,加勒比海盗,Pirates of the Caribbean: The Curse of the Black Pearl,导演: 戈尔·维宾斯基 Gore Verbinski 主演: 约翰尼·德普 Johnny Depp / ...,2003,美国,动作 / 冒险 / 奇幻,8.8,975610,,https://movie.douban.com/subject/1298070/,https://movie.douban.com/top250?start=75&filter=,2026-06-26T20:43:20+08:00,2000
96,海豚湾,The Cove,导演: 路易·西霍尤斯 Louie Psihoyos 主演: 路易·西霍尤斯 Louie Psihoyo...,2009,美国,纪录片,9.3,383835,海豚的微笑，是世界上最高明的伪装。,https://movie.douban.com/subject/3442220/,https://movie.douban.com/top250?start=75&filter=,2026-06-26T20:43:20+08:00,2000
97,美国往事,Once Upon a Time in America,导演: 赛尔乔·莱翁内 Sergio Leone 主演: 罗伯特·德尼罗 Robert De Niro ...,1984,美国 / 意大利,犯罪 / 剧情,9.1,475395,,https://movie.douban.com/subject/1292262/,https://movie.douban.com/top250?start=75&filter=,2026-06-26T20:43:20+08:00,1980
98,红辣椒,パプリカ,导演: 今敏 Satoshi Kon 主演: 林原惠美 Megumi Hayashibara / 江守彻 Toru...,2006,日本,动画 / 悬疑 / 科幻 / 惊悚,9.0,575802,梦的勾结。,https://movie.douban.com/subject/1865703/,https://movie.douban.com/top250?start=75&filter=,2026-06-26T20:43:20+08:00,2000
99,七宗罪,Se7en,导演: 大卫·芬奇 David Fincher 主演: 摩根·弗里曼 Morgan Freeman / 布...,1995,美国,剧情 / 犯罪 / 悬疑 / 惊悚,8.8,1069806,,https://movie.douban.com/subject/1292223/,https://movie.douban.com/top250?start=75&filter=,2026-06-26T20:43:20+08:00,1990
100,唐伯虎点秋香,唐伯虎點秋香,导演: 李力持 Lik-Chi Lee 主演: 周星驰 Stephen Chow / 巩俐 Li Gong / 陈...,1993,中国香港,喜剧 / 爱情 / 古装,8.8,1232951,,https://movie.douban.com/subject/1306249/,https://movie.douban.com/top250?start=75&filter=,2026-06-26T20:43:20+08:00,1990
101,狩猎,Jagten,导演: 托马斯·温特伯格 Thomas Vinterberg 主演: 麦斯·米科尔森 Mads Mik...,2012,丹麦 / 瑞典,剧情,9.1,475208,人言可畏。,https://movie.douban.com/subject/6985810/,https://movie.douban.com/top250?start=100&filter=,2026-06-26T20:43:20+08:00,2010
102,幽灵公主,もののけ姫,导演: 宫崎骏 Hayao Miyazaki 主演: 松田洋治 Yôji Matsuda / 石田百合...,1997,日本,动画 / 奇幻 / 冒险,8.9,675056,,https://movie.douban.com/subject/1297359/,https://movie.douban.com/top250?start=100&filter=,2026-06-26T20:43:20+08:00,1990
103,寄生虫,기생충,导演: 奉俊昊 Joon-ho Bong 主演: 宋康昊 Kang-ho Song / 李善均 Seon-gyun...,2019,韩国,剧情,8.8,1557960,,https://movie.douban.com/subject/27010768/,https://movie.douban.com/top250?start=100&filter=,2026-06-26T20:43:20+08:00,2010
104,甜蜜蜜,,导演: 陈可辛 Peter Chan 主演: 黎明 Leon Lai / 张曼玉 Maggie Cheung / ...,1996,中国香港,剧情 / 爱情,8.9,680000,,https://movie.douban.com/subject/1305164/,https://movie.douban.com/top250?start=100&filter=,2026-06-26T20:43:20+08:00,1990
105,天书奇谭,,导演: 王树忱 Shuchen Wang / 钱运达 Yunda Qian 主演: 丁建华 Jianhua Din...,1983,(中国大陆),2021 / 中国大陆 / 动画 / 奇幻,9.2,339255,,https://movie.douban.com/subject/1428581/,https://movie.douban.com/top250?start=100&filter=,2026-06-26T20:43:20+08:00,1980
106,蝙蝠侠：黑暗骑士崛起,The Dark Knight Rises,导演: 克里斯托弗·诺兰 Christopher Nolan 主演: 克里斯蒂安·贝尔 Christ...,2012,美国 / 英国,剧情 / 动作 / 科幻 / 犯罪 / 惊悚,8.9,820100,诺兰就是保证。,https://movie.douban.com/subject/3395373/,https://movie.douban.com/top250?start=100&filter=,2026-06-26T20:43:20+08:00,2010
107,超能陆战队,Big Hero 6,导演: 唐·霍尔 Don Hall / 克里斯·威廉姆斯 Chris Williams 主演: 斯科特...,2014,美国,喜剧 / 动作 / 科幻 / 动画 / 冒险,8.8,1153823,Balalala~~~,https://movie.douban.com/subject/11026735/,https://movie.douban.com/top250?start=100&filter=,2026-06-26T20:43:20+08:00,2010
108,茶馆,,导演: 谢添 Tian Xie 主演: 于是之 Shizhi Yu / 郑榕 Rong Zhen / 蓝天野 T...,1982,(中国大陆),中国大陆 / 剧情 / 历史,9.5,213117,,https://movie.douban.com/subject/1461403/,https://movie.douban.com/top250?start=100&filter=,2026-06-26T20:43:20+08:00,1980
109,7号房的礼物,7번방의 선물,导演: 李焕庆 Hwan-kyeong Lee 主演: 柳承龙 Seung-yong Ryoo / 朴信惠 Shi...,2013,韩国,剧情 / 喜剧 / 家庭,8.9,626384,《我是山姆》的《美丽人生》。,https://movie.douban.com/subject/10777687/,https://movie.douban.com/top250?start=100&filter=,2026-06-26T20:43:20+08:00,2010
110,第六感,The Sixth Sense,导演: M·奈特·沙马兰 M. Night Shyamalan 主演: 布鲁斯·威利斯 Bruce Wi...,1999,美国,剧情 / 悬疑 / 惊悚,8.9,644302,,https://movie.douban.com/subject/1297630/,https://movie.douban.com/top250?start=100&filter=,2026-06-26T20:43:20+08:00,1990
111,爱在黎明破晓前,Before Sunrise,导演: 理查德·林克莱特 Richard Linklater 主演: 伊桑·霍克 Ethan Hawke ...,1995,美国 / 奥地利 / 瑞士,剧情 / 爱情,8.8,809921,,https://movie.douban.com/subject/1296339/,https://movie.douban.com/top250?start=100&filter=,2026-06-26T20:43:20+08:00,1990
112,爱在日落黄昏时,Before Sunset,导演: 理查德·林克莱特 Richard Linklater 主演: 伊桑·霍克 Ethan Hawke ...,2004,美国 / 法国,剧情 / 爱情,8.9,661102,九年后的重逢是世俗和责任的交叠，没了悸动和青涩，沧桑而温暖。,https://movie.douban.com/subject/1291990/,https://movie.douban.com/top250?start=100&filter=,2026-06-26T20:43:20+08:00,2000
113,头脑特工队,Inside Out,导演: 彼特·道格特 Pete Docter / 罗纳尔多·德尔·卡门 Ronaldo Del Carmen &nb...,2015,美国,喜剧 / 动画 / 冒险,8.9,815225,愿我们都不用长大，每一座城堡都能永远存在。,https://movie.douban.com/subject/10533913/,https://movie.douban.com/top250?start=100&filter=,2026-06-26T20:43:20+08:00,2010
114,被嫌弃的松子的一生,嫌われ松子の一生,导演: 中岛哲也 Tetsuya Nakashima 主演: 中谷美纪 Miki Nakatani / 瑛太 E...,2006,日本,剧情 / 歌舞,8.8,779568,以戏谑来戏谑戏谑。,https://movie.douban.com/subject/1787291/,https://movie.douban.com/top250?start=100&filter=,2026-06-26T20:43:20+08:00,2000
115,哈利·波特与火焰杯,Harry Potter and the Goblet of Fire,导演: 迈克·内威尔 Mike Newell 主演: 丹尼尔·雷德克里夫 Daniel Radclif...,2005,英国 / 美国,悬疑 / 奇幻 / 冒险,8.8,809525,,https://movie.douban.com/subject/1309055/,https://movie.douban.com/top250?start=100&filter=,2026-06-26T20:43:20+08:00,2000
116,未麻的部屋,Perfect Blue,导演: 今敏 Satoshi Kon 主演: 岩男润子 Junko Iwao / 松本梨香 Rica Matsu...,1997,日本,剧情 / 犯罪 / 动画 / 悬疑 / 惊悚,9.1,430358,,https://movie.douban.com/subject/1395091/,https://movie.douban.com/top250?start=100&filter=,2026-06-26T20:43:20+08:00,1990
117,重庆森林,重慶森林,导演: 王家卫 Kar Wai Wong 主演: 林青霞 Brigitte Lin / 金城武 Takeshi K...,1994,中国香港,剧情 / 爱情,8.8,929656,,https://movie.douban.com/subject/1291999/,https://movie.douban.com/top250?start=100&filter=,2026-06-26T20:43:20+08:00,1990
118,借东西的小人阿莉埃蒂,借りぐらしのアリエッティ,导演: 米林宏昌 Hiromasa Yonebayashi 主演: 志田未来 Mirai Shida / 神木...,2010,日本,动画 / 奇幻 / 冒险,8.9,632845,曾经的那段美好会沉淀为一辈子的记忆。,https://movie.douban.com/subject/4202302/,https://movie.douban.com/top250?start=100&filter=,2026-06-26T20:43:20+08:00,2010
119,菊次郎的夏天,菊次郎の夏,导演: 北野武 Takeshi Kitano 主演: 北野武 Takeshi Kitano / 关口雄介 Yus...,1999,日本,剧情 / 喜剧,8.9,678783,,https://movie.douban.com/subject/1293359/,https://movie.douban.com/top250?start=100&filter=,2026-06-26T20:43:20+08:00,1990
120,入殓师,おくりびと,导演: 泷田洋二郎 Yôjirô Takita 主演: 本木雅弘 Masahiro Motoki / ...,2008,日本,剧情,8.9,746913,死可能是一道门，逝去并不是终结，而是超越，走向下一程。,https://movie.douban.com/subject/2149806/,https://movie.douban.com/top250?start=100&filter=,2026-06-26T20:43:20+08:00,2000
121,剪刀手爱德华,Edward Scissorhands,导演: 蒂姆·波顿 Tim Burton 主演: 约翰尼·德普 Johnny Depp / 薇诺娜·...,1990,美国,剧情 / 爱情 / 奇幻,8.7,1126446,,https://movie.douban.com/subject/1292370/,https://movie.douban.com/top250?start=100&filter=,2026-06-26T20:43:20+08:00,1990
122,断背山,Brokeback Mountain,导演: 李安 Ang Lee 主演: 希斯·莱杰 Heath Ledger / 杰克·吉伦哈尔 Jake...,2005,美国 / 加拿大,剧情 / 爱情 / 同性 / 家庭,8.8,788682,每个人心中都有一座断背山。,https://movie.douban.com/subject/1418834/,https://movie.douban.com/top250?start=100&filter=,2026-06-26T20:43:20+08:00,2000
123,勇敢的心,Braveheart,导演: 梅尔·吉布森 Mel Gibson 主演: 梅尔·吉布森 Mel Gibson / 苏菲·玛...,1995,美国,动作 / 传记 / 剧情 / 历史 / 战争,8.9,608835,,https://movie.douban.com/subject/1294639/,https://movie.douban.com/top250?start=100&filter=,2026-06-26T20:43:20+08:00,1990
124,时空恋旅人,About Time,导演: 理查德·柯蒂斯 Richard Curtis 主演: 多姆纳尔·格里森 Domhnall Gl...,2013,英国 / 美国,喜剧 / 爱情 / 奇幻,8.8,801313,把每天当作最后一天般珍惜度过，积极拥抱生活，就是幸福。,https://movie.douban.com/subject/10577869/,https://movie.douban.com/top250?start=100&filter=,2026-06-26T20:43:20+08:00,2010
125,驯龙高手,How to Train Your Dragon,导演: 迪恩·德布洛斯 Dean DeBlois / 克里斯·桑德斯 Chris Sanders 主演:...,2010,美国,动画 / 奇幻 / 冒险,8.8,873269,和谐的生活离不开摸头与被摸头。,https://movie.douban.com/subject/2353023/,https://movie.douban.com/top250?start=100&filter=,2026-06-26T20:43:20+08:00,2010
126,傲慢与偏见,Pride & Prejudice,导演: 乔·怀特 Joe Wright 主演: 凯拉·奈特莉 Keira Knightley / 马修·...,2005,法国 / 英国 / 美国,剧情 / 爱情,8.7,948461,爱是摈弃傲慢与偏见之后的曙光。,https://movie.douban.com/subject/1418200/,https://movie.douban.com/top250?start=125&filter=,2026-06-26T20:43:20+08:00,2000
127,无人知晓,誰も知らない,导演: 是枝裕和 Hirokazu Koreeda 主演: 柳乐优弥 Yûya Yagira / 北浦爱...,2004,日本,剧情,9.1,376231,我的平常生活就是他人的幸福。,https://movie.douban.com/subject/1292337/,https://movie.douban.com/top250?start=125&filter=,2026-06-26T20:43:20+08:00,2000
128,消失的爱人,Gone Girl,导演: 大卫·芬奇 David Fincher 主演: 本·阿弗莱克 Ben Affleck / 罗莎蒙...,2014,美国,剧情 / 犯罪 / 悬疑 / 惊悚,8.7,1081133,年度最佳date movie。,https://movie.douban.com/subject/21318488/,https://movie.douban.com/top250?start=125&filter=,2026-06-26T20:43:20+08:00,2010
129,倩女幽魂,,导演: 程小东 Siu-Tung Ching 主演: 张国荣 Leslie Cheung / 王祖贤 Joey W...,1987,中国香港,爱情 / 奇幻 / 武侠 / 古装,8.8,841601,,https://movie.douban.com/subject/1297447/,https://movie.douban.com/top250?start=125&filter=,2026-06-26T20:43:20+08:00,1980
130,新世界,신세계,导演: 朴勋政 Hoon-jung Park 主演: 李政宰 Jung-Jae Lee / 崔岷植 Min-sik...,2013,韩国,剧情 / 犯罪,8.9,533855,要做就做得狠一点，这样才能活下去。,https://movie.douban.com/subject/10437779/,https://movie.douban.com/top250?start=125&filter=,2026-06-26T20:43:20+08:00,2010
131,玩具总动员3,Toy Story 3,导演: 李·昂克里奇 Lee Unkrich 主演: 汤姆·汉克斯 Tom Hanks / 蒂姆·艾...,2010,美国,喜剧 / 动画 / 奇幻 / 冒险,8.9,601537,跨度十五年的欢乐与泪水。,https://movie.douban.com/subject/1858711/,https://movie.douban.com/top250?start=125&filter=,2026-06-26T20:43:20+08:00,2010
132,花样年华,花樣年華,导演: 王家卫 Kar Wai Wong 主演: 张曼玉 Maggie Cheung / 梁朝伟 Tony Leu...,2000,中国香港,剧情 / 爱情,8.8,813970,,https://movie.douban.com/subject/1291557/,https://movie.douban.com/top250?start=125&filter=,2026-06-26T20:43:20+08:00,2000
133,一个叫欧维的男人决定去死,En man som heter Ove,导演: 汉内斯·赫尔姆 Hannes Holm 主演: 罗夫·拉斯加德 Rolf Lassgård...,2015,瑞典,剧情,8.9,575294,惠及一生的美丽。,https://movie.douban.com/subject/26628357/,https://movie.douban.com/top250?start=125&filter=,2026-06-26T20:43:20+08:00,2010
134,色，戒,,导演: 李安 Ang Lee 主演: 梁朝伟 Tony Leung Chiu Wai / 汤唯 Wei Tang / ...,2007,中国台湾 / 中国大陆 / 美国 / 中国香港,剧情 / 爱情 / 情色,8.7,971342,假戏真情，爱欲深海,https://movie.douban.com/subject/1828115/,https://movie.douban.com/top250?start=125&filter=,2026-06-26T20:43:20+08:00,2000
135,完美的世界,A Perfect World,导演: 克林特·伊斯特伍德 Clint Eastwood 主演: 凯文·科斯特纳 Kevin Cos...,1993,美国,剧情 / 犯罪,9.1,363111,,https://movie.douban.com/subject/1300992/,https://movie.douban.com/top250?start=125&filter=,2026-06-26T20:43:20+08:00,1990
136,怪兽电力公司,"Monsters, Inc.",导演: 彼特·道格特 Pete Docter / 大卫·斯沃曼 David Silverman 主演: 约...,2001,美国,儿童 / 喜剧 / 动画 / 奇幻 / 冒险,8.8,776966,,https://movie.douban.com/subject/1291579/,https://movie.douban.com/top250?start=125&filter=,2026-06-26T20:43:20+08:00,2000
137,教父3,The Godfather: Part III,导演: 弗朗西斯·福特·科波拉 Francis Ford Coppola 主演: 阿尔·帕西诺 A...,1990,美国,剧情 / 犯罪,9.0,436930,,https://movie.douban.com/subject/1294240/,https://movie.douban.com/top250?start=125&filter=,2026-06-26T20:43:20+08:00,1990
138,阳光灿烂的日子,,导演: 姜文 Wen Jiang 主演: 夏雨 Yu Xia / 宁静 Jing Ning / 陶虹 Hong Tao,1994,中国大陆 / 中国香港,剧情 / 爱情,8.8,700985,,https://movie.douban.com/subject/1291875/,https://movie.douban.com/top250?start=125&filter=,2026-06-26T20:43:20+08:00,1990
139,小森林 夏秋篇,リトル・フォレスト 夏・秋,导演: 森淳一 Junichi Mori 主演: 桥本爱 Ai Hashimoto / 三浦贵大 Takahir...,2014,日本,剧情,9.0,477293,那些静得只能听见呼吸的日子里，你明白孤独即生活。,https://movie.douban.com/subject/25814705/,https://movie.douban.com/top250?start=125&filter=,2026-06-26T20:43:20+08:00,2010
140,天使爱美丽,Le Fabuleux destin d'Amélie Poulain,导演: 让-皮埃尔·热内 Jean-Pierre Jeunet 主演: 奥黛丽·塔图 Audrey Tau...,2001,法国 / 德国,剧情 / 喜剧 / 爱情,8.7,1025735,,https://movie.douban.com/subject/1292215/,https://movie.douban.com/top250?start=125&filter=,2026-06-26T20:43:20+08:00,2000
141,侧耳倾听,耳をすませば,导演: 近藤喜文 Yoshifumi Kondo 主演: 本名阳子 Youko Honna / 小林桂树 K...,1995,日本,剧情 / 爱情 / 动画,8.9,524651,,https://movie.douban.com/subject/1297052/,https://movie.douban.com/top250?start=125&filter=,2026-06-26T20:43:20+08:00,1990
142,哪吒闹海,,导演: 王树忱 Shuchen Wang / 严定宪 Dingxian Yan 主演: 梁正晖 Zhenghui ...,1979,中国大陆,冒险 / 动画 / 奇幻,9.2,311393,,https://movie.douban.com/subject/1307315/,https://movie.douban.com/top250?start=125&filter=,2026-06-26T20:43:20+08:00,1970
143,九品芝麻官,,导演: 王晶 Jing Wong 主演: 周星驰 Stephen Chow / 吴孟达 Man Tat Ng / ...,1994,中国香港,剧情 / 喜剧 / 古装,8.8,802221,,https://movie.douban.com/subject/1297518/,https://movie.douban.com/top250?start=125&filter=,2026-06-26T20:43:20+08:00,1990
144,被解救的姜戈,Django Unchained,导演: 昆汀·塔伦蒂诺 Quentin Tarantino 主演: 杰米·福克斯 Jamie Foxx /...,2012,美国,剧情 / 动作 / 西部 / 冒险,8.8,698840,热血沸腾，那个低俗、性感的无耻混蛋又来了。,https://movie.douban.com/subject/6307447/,https://movie.douban.com/top250?start=125&filter=,2026-06-26T20:43:20+08:00,2010
145,请以你的名字呼唤我,Call Me by Your Name,导演: 卢卡·瓜达尼诺 Luca Guadagnino 主演: 艾米·汉莫 Armie Hammer / ...,2017,意大利 / 法国 / 巴西 / 美国,剧情 / 爱情 / 同性,8.8,831942,沉醉在电影的情感和视听氛围中无法自拔。,https://movie.douban.com/subject/26799731/,https://movie.douban.com/top250?start=125&filter=,2026-06-26T20:43:20+08:00,2010
146,幸福终点站,The Terminal,导演: 史蒂文·斯皮尔伯格 Steven Spielberg 主演: 汤姆·汉克斯 Tom Hanks...,2004,美国,喜剧 / 剧情 / 爱情,8.8,647454,有时候幸福需要等一等。,https://movie.douban.com/subject/1292274/,https://movie.douban.com/top250?start=125&filter=,2026-06-26T20:43:20+08:00,2000
147,釜山行,부산행,导演: 延尚昊 Sang-ho Yeon 主演: 孔刘 Yoo Gong / 郑有美 Yu-mi Jung / 马...,2016,韩国,动作 / 惊悚 / 灾难,8.6,1361025,揭露人性的丧尸题材力作。,https://movie.douban.com/subject/25986180/,https://movie.douban.com/top250?start=125&filter=,2026-06-26T20:43:20+08:00,2010
148,神偷奶爸,Despicable Me,导演: 皮艾尔·柯芬 Pierre Coffin / 克里斯·雷纳德 Chris Renaud 主演: ...,2010,美国 / 法国,喜剧 / 动画 / 冒险,8.7,1054378,Mr. I Don't Care其实也有Care的时候。,https://movie.douban.com/subject/3287562/,https://movie.douban.com/top250?start=125&filter=,2026-06-26T20:43:20+08:00,2010
149,小森林 冬春篇,リトル・フォレスト 冬・春,导演: 森淳一 Junichi Mori 主演: 桥本爱 Ai Hashimoto / 三浦贵大 Takahir...,2015,日本,剧情,9.0,423879,尊敬他人，尊敬你生活的这片土地，明白孤独是人生的常态。,https://movie.douban.com/subject/25814707/,https://movie.douban.com/top250?start=125&filter=,2026-06-26T20:43:20+08:00,2010
150,喜宴,囍宴,导演: 李安 Ang Lee 主演: 赵文瑄 Winston Chao / 归亚蕾 Ya-lei Kuei / 郎...,1993,中国台湾 / 美国,剧情 / 喜剧 / 爱情 / 同性 / 家庭,9.0,437249,,https://movie.douban.com/subject/1303037/,https://movie.douban.com/top250?start=125&filter=,2026-06-26T20:43:20+08:00,1990
151,萤火之森,蛍火の杜へ,导演: 大森贵弘 Takahiro Omori 主演: 佐仓绫音 Ayane Sakura / 内山昂辉 K...,2011,日本,剧情 / 爱情 / 动画 / 奇幻,8.8,617325,触不到的恋人。,https://movie.douban.com/subject/5989818/,https://movie.douban.com/top250?start=150&filter=,2026-06-26T20:43:20+08:00,2010
152,告白,,导演: 中岛哲也 Tetsuya Nakashima 主演: 松隆子 Takako Matsu / 冈田将生 ...,2010,日本,剧情 / 悬疑,8.8,749521,没有一人完全善，也没有一人完全恶。,https://movie.douban.com/subject/4268598/,https://movie.douban.com/top250?start=150&filter=,2026-06-26T20:43:20+08:00,2010
153,七武士,七人の侍,导演: 黑泽明 Akira Kurosawa 主演: 三船敏郎 Toshirô Mifune / 志村乔 ...,1954,日本,动作 / 冒险 / 剧情,9.3,238629,,https://movie.douban.com/subject/1295399/,https://movie.douban.com/top250?start=150&filter=,2026-06-26T20:43:20+08:00,1950
154,玛丽和麦克斯,Mary and Max,导演: 亚当·艾略特 Adam Elliot 主演: 托妮·科莱特 Toni Collette / 菲利...,2009,澳大利亚 / 美国,剧情 / 喜剧 / 动画,9.0,474545,你是我最好的朋友，你是我唯一的朋友 。,https://movie.douban.com/subject/3072124/,https://movie.douban.com/top250?start=150&filter=,2026-06-26T20:43:20+08:00,2000
155,头号玩家,Ready Player One,导演: 史蒂文·斯皮尔伯格 Steven Spielberg 主演: 泰伊·谢里丹 Tye Sheri...,2018,美国,动作 / 科幻 / 冒险,8.6,1528373,写给影迷，动漫迷和游戏迷的一封情书。,https://movie.douban.com/subject/4920389/,https://movie.douban.com/top250?start=150&filter=,2026-06-26T20:43:20+08:00,2010
156,机器人之梦,Robot Dreams,导演: 巴勃罗·贝格尔 Pablo Berger 主演: 伊万·拉班达 Ivan Labanda,2023,西班牙 / 法国,剧情 / 动画 / 音乐,9.1,453119,,https://movie.douban.com/subject/35426925/,https://movie.douban.com/top250?start=150&filter=,2026-06-26T20:43:20+08:00,2020
157,模仿游戏,The Imitation Game,导演: 莫滕·泰杜姆 Morten Tyldum 主演: 本尼迪克特·康伯巴奇 Benedict C...,2014,英国 / 美国,剧情 / 传记 / 战争 / 同性,8.8,725287,他给机器起名“克里斯托弗”，因为这是他初恋的名字。,https://movie.douban.com/subject/10463953/,https://movie.douban.com/top250?start=150&filter=,2026-06-26T20:43:20+08:00,2010
158,惊魂记,Psycho,导演: 阿尔弗雷德·希区柯克 Alfred Hitchcock 主演: 安东尼·博金斯 Antho...,1960,美国,悬疑 / 惊悚 / 恐怖,9.0,360873,,https://movie.douban.com/subject/1293181/,https://movie.douban.com/top250?start=150&filter=,2026-06-26T20:43:20+08:00,1960
159,大鱼,Big Fish,导演: 蒂姆·波顿 Tim Burton 主演: 伊万·麦克格雷格 Ewan McGregor / 阿...,2003,美国,剧情 / 爱情 / 奇幻 / 冒险,8.8,631342,,https://movie.douban.com/subject/1291545/,https://movie.douban.com/top250?start=150&filter=,2026-06-26T20:43:20+08:00,2000
160,心灵奇旅,Soul,导演: 彼特·道格特 Pete Docter / 凯普·鲍尔斯 Kemp Powers 主演: 杰米·...,2020,美国,动画 / 奇幻 / 音乐,8.7,1154040,,https://movie.douban.com/subject/24733428/,https://movie.douban.com/top250?start=150&filter=,2026-06-26T20:43:20+08:00,2020
161,背靠背，脸对脸,,导演: 黄建新 Jianxin Huang / 杨亚洲 Yazhou Yang 主演: 牛振华 Zhenhua N...,1994,中国大陆 / 中国香港,剧情,9.5,183184,,https://movie.douban.com/subject/1307856/,https://movie.douban.com/top250?start=150&filter=,2026-06-26T20:43:20+08:00,1990
162,你的名字。,君の名は。,导演: 新海诚 Makoto Shinkai 主演: 神木隆之介 Ryûnosuke Kamiki / 上...,2016,日本,剧情 / 爱情 / 动画,8.5,1606273,穿越错位的时空，仰望陨落的星辰，你没留下你的名字，我却无法忘记那句“我爱你”。,https://movie.douban.com/subject/26683290/,https://movie.douban.com/top250?start=150&filter=,2026-06-26T20:43:20+08:00,2010
163,血战钢锯岭,Hacksaw Ridge,导演: 梅尔·吉布森 Mel Gibson 主演: 安德鲁·加菲尔德 Andrew Garfield /...,2016,澳大利亚 / 美国,剧情 / 传记 / 历史 / 战争,8.7,865376,优秀的战争片不会美化战场，不会粉饰死亡，不会矮化敌人，不会无视常识，最重要的，不会宣扬战争。,https://movie.douban.com/subject/26325320/,https://movie.douban.com/top250?start=150&filter=,2026-06-26T20:43:20+08:00,2010
164,射雕英雄传之东成西就,射鵰英雄傳之東成西就,导演: 刘镇伟 Jeffrey Lau 主演: 梁朝伟 Tony Leung Chiu Wai / 林青霞 Bri...,1993,中国香港,喜剧 / 奇幻 / 武侠 / 古装,8.7,723189,,https://movie.douban.com/subject/1316510/,https://movie.douban.com/top250?start=150&filter=,2026-06-26T20:43:20+08:00,1990
165,我是山姆,I Am Sam,导演: 杰茜·尼尔森 Jessie Nelson 主演: Sean Penn / Dakota Fanning / Mi...,2001,美国,剧情 / 家庭,9.0,380062,,https://movie.douban.com/subject/1306861/,https://movie.douban.com/top250?start=150&filter=,2026-06-26T20:43:20+08:00,2000
166,末路狂花,Thelma & Louise,导演: 雷德利·斯科特 Ridley Scott 主演: 吉娜·戴维斯 Geena Davis / 苏...,1991,美国 / 英国 / 法国,犯罪 / 剧情 / 惊悚,9.0,356408,,https://movie.douban.com/subject/1291992/,https://movie.douban.com/top250?start=150&filter=,2026-06-26T20:43:20+08:00,1990
167,阳光姐妹淘,써니,导演: 姜炯哲 Hyeong-Cheol Kang 主演: 沈恩京 Eun-kyung Shim / 闵孝琳 Hy...,2011,韩国,剧情 / 喜剧,8.8,643002,再多各自牛逼的时光，也比不上一起傻逼的岁月。,https://movie.douban.com/subject/4917726/,https://movie.douban.com/top250?start=150&filter=,2026-06-26T20:43:20+08:00,2010
168,恐怖直播,더 테러 라이브,导演: 金秉祐 Byeong-woo Kim 主演: 河正宇 Jung-woo Ha / 李璟荣 Kyeong-y...,2013,韩国,剧情 / 犯罪 / 悬疑,8.7,733945,恐怖分子的“秋菊打官司”。,https://movie.douban.com/subject/21360417/,https://movie.douban.com/top250?start=150&filter=,2026-06-26T20:43:20+08:00,2010
169,黑客帝国3：矩阵革命,The Matrix Revolutions,导演: 拉娜·沃卓斯基 Lana Wachowski / 莉莉·沃卓斯基 Lilly Wachowski ...,2003,美国,动作 / 科幻,8.8,501481,,https://movie.douban.com/subject/1302467/,https://movie.douban.com/top250?start=150&filter=,2026-06-26T20:43:20+08:00,2000
170,高山下的花环,,导演: 谢晋 Jin Xie 主演: 吕晓禾 Xiaohe Lü / 唐国强 Guoqiang Tang / 何...,1984,(中国大陆),1985 / 中国大陆 / 剧情 / 战争,9.5,163747,,https://movie.douban.com/subject/1422283/,https://movie.douban.com/top250?start=150&filter=,2026-06-26T20:43:20+08:00,1980
171,小丑,Joker,导演: 托德·菲利普斯 Todd Phillips 主演: 杰昆·菲尼克斯 Joaquin Phoeni...,2019,美国 / 加拿大,剧情 / 犯罪 / 惊悚,8.7,1132066,,https://movie.douban.com/subject/27119724/,https://movie.douban.com/top250?start=150&filter=,2026-06-26T20:43:20+08:00,2010
172,谍影重重3,The Bourne Ultimatum,导演: 保罗·格林格拉斯 Paul Greengrass 主演: 马特·达蒙 Matt Damon / ...,2007,美国 / 德国 / 法国 / 英国,动作 / 悬疑 / 惊悚,8.9,475411,像吃了苏打饼一样干脆的电影。,https://movie.douban.com/subject/1578507/,https://movie.douban.com/top250?start=150&filter=,2026-06-26T20:43:20+08:00,2000
173,三块广告牌,"Three Billboards Outside Ebbing, Missouri",导演: 马丁·麦克唐纳 Martin McDonagh 主演: 弗兰西斯·麦克多蒙德 France...,2017,英国 / 美国,剧情 / 犯罪,8.7,927180,怼天怼地，你走后，她与世界为敌。,https://movie.douban.com/subject/26611804/,https://movie.douban.com/top250?start=150&filter=,2026-06-26T20:43:20+08:00,2010
174,无间道2,無間道II,导演: 刘伟强 Andrew Lau / 麦兆辉 Alan Mak 主演: 陈冠希 Edison Chen / ...,2003,中国香港,剧情 / 犯罪 / 惊悚,8.8,574213,,https://movie.douban.com/subject/1307106/,https://movie.douban.com/top250?start=150&filter=,2026-06-26T20:43:20+08:00,2000
175,电锯惊魂,Saw,导演: 詹姆斯·温 James Wan 主演: 雷·沃纳尔 Leigh Whannell / 加利·艾...,2004,美国,悬疑 / 惊悚 / 恐怖,8.7,619307,真相就在眼前。,https://movie.douban.com/subject/1417598/,https://movie.douban.com/top250?start=150&filter=,2026-06-26T20:43:20+08:00,2000
176,达拉斯买家俱乐部,Dallas Buyers Club,导演: 让-马克·瓦雷 Jean-Marc Vallée 主演: 马修·麦康纳 Matthew McCon...,2013,美国,剧情 / 传记 / 同性,8.8,510532,Jared Leto的腿比女人还美！,https://movie.douban.com/subject/1793929/,https://movie.douban.com/top250?start=175&filter=,2026-06-26T20:43:20+08:00,2010
177,疯狂原始人,The Croods,导演: 科克·德·米科 Kirk De Micco / 克里斯·桑德斯 Chris Sanders 主演...,2013,美国,喜剧 / 动画 / 冒险,8.7,928017,老少皆宜，这就是好莱坞动画的魅力。,https://movie.douban.com/subject/1907966/,https://movie.douban.com/top250?start=175&filter=,2026-06-26T20:43:20+08:00,2010
178,绿里奇迹,The Green Mile,导演: 弗兰克·德拉邦特 Frank Darabont 主演: 汤姆·汉克斯 Tom Hanks / ...,1999,美国,犯罪 / 剧情 / 奇幻 / 悬疑,8.9,392455,,https://movie.douban.com/subject/1300374/,https://movie.douban.com/top250?start=175&filter=,2026-06-26T20:43:20+08:00,1990
179,爱在午夜降临前,Before Midnight,导演: 理查德·林克莱特 Richard Linklater 主演: 伊桑·霍克 Ethan Hawke ...,2013,美国 / 希腊,剧情 / 爱情,8.8,480424,所谓爱情，就是话唠一路，都不会心生腻烦，彼此嫌弃。,https://movie.douban.com/subject/10808442/,https://movie.douban.com/top250?start=175&filter=,2026-06-26T20:43:20+08:00,2010
180,疯狂的石头,,导演: 宁浩 Hao Ning 主演: 郭涛 Tao Guo / 刘桦 Hua Liu / 连晋 Teddy Lin,2006,中国大陆 / 中国香港,喜剧 / 犯罪,8.6,934049,中国版《两杆大烟枪》。,https://movie.douban.com/subject/1862151/,https://movie.douban.com/top250?start=175&filter=,2026-06-26T20:43:20+08:00,2000
181,雨中曲,Singin' in the Rain,导演: 斯坦利·多南 Stanley Donen / 吉恩·凯利 Gene Kelly 主演: 吉恩·...,1952,美国,喜剧 / 歌舞 / 爱情,9.1,272270,,https://movie.douban.com/subject/1293460/,https://movie.douban.com/top250?start=175&filter=,2026-06-26T20:43:20+08:00,1950
182,2001太空漫游,2001: A Space Odyssey,导演: 斯坦利·库布里克 Stanley Kubrick 主演: 凯尔·杜拉 Keir Dullea / ...,1968,英国 / 美国,科幻 / 惊悚 / 冒险,8.9,402047,,https://movie.douban.com/subject/1292226/,https://movie.douban.com/top250?start=175&filter=,2026-06-26T20:43:20+08:00,1960
183,海街日记,海街diary,导演: 是枝裕和 Hirokazu Koreeda 主演: 绫濑遥 Haruka Ayase / 长泽雅美 M...,2015,日本,剧情 / 家庭,8.8,527732,是枝裕和的家庭习作。,https://movie.douban.com/subject/25895901/,https://movie.douban.com/top250?start=175&filter=,2026-06-26T20:43:20+08:00,2010
184,上帝之城,Cidade de Deus,导演: 费尔南多·梅里尔斯 Fernando Meirelles / 卡迪亚·兰德 Kátia Lund &nbsp...,2002,巴西 / 法国,犯罪 / 剧情,9.0,336137,,https://movie.douban.com/subject/1292208/,https://movie.douban.com/top250?start=175&filter=,2026-06-26T20:43:20+08:00,2000
185,风之谷,風の谷のナウシカ,导演: 宫崎骏 Hayao Miyazaki 主演: 岛本须美 Sumi Shimamoto / 松田洋治 Y...,1984,日本,动画 / 奇幻 / 冒险,8.9,396563,,https://movie.douban.com/subject/1291585/,https://movie.douban.com/top250?start=175&filter=,2026-06-26T20:43:20+08:00,1980
186,心迷宫,,导演: 忻钰坤 Yukun Xin 主演: 霍卫民 Weimin Huo / 王笑天 Xiaotian Wang ...,2014,中国大陆,剧情 / 犯罪 / 悬疑,8.7,624719,荒诞讽刺，千奇百巧，抽丝剥茧，百转千回。,https://movie.douban.com/subject/25917973/,https://movie.douban.com/top250?start=175&filter=,2026-06-26T20:43:20+08:00,2010
187,英雄本色,,导演: 吴宇森 John Woo 主演: 周润发 Yun-Fat Chow / 狄龙 Lung Ti / 张国...,1986,中国香港,剧情 / 动作 / 犯罪,8.6,611569,,https://movie.douban.com/subject/1297574/,https://movie.douban.com/top250?start=175&filter=,2026-06-26T20:43:20+08:00,1980
188,记忆碎片,Memento,导演: 克里斯托弗·诺兰 Christopher Nolan 主演: 盖·皮尔斯 Guy Pearce /...,2000,美国,犯罪 / 剧情 / 悬疑 / 惊悚,8.7,710175,,https://movie.douban.com/subject/1304447/,https://movie.douban.com/top250?start=175&filter=,2026-06-26T20:43:20+08:00,2000
189,纵横四海,縱橫四海,导演: 吴宇森 John Woo 主演: 周润发 Yun-Fat Chow / 张国荣 Leslie Cheung...,1991,中国香港,剧情 / 喜剧 / 动作 / 犯罪,8.8,492601,,https://movie.douban.com/subject/1295409/,https://movie.douban.com/top250?start=175&filter=,2026-06-26T20:43:20+08:00,1990
190,无敌破坏王,Wreck-It Ralph,导演: 瑞奇·莫尔 Rich Moore 主演: 约翰·C·赖利 John C. Reilly / 萨拉...,2012,美国,喜剧 / 动画 / 奇幻 / 冒险,8.7,617324,迪士尼和皮克斯拿错剧本的产物。,https://movie.douban.com/subject/6534248/,https://movie.douban.com/top250?start=175&filter=,2026-06-26T20:43:20+08:00,2010
191,卢旺达饭店,Hotel Rwanda,导演: 特瑞·乔治 Terry George 主演: 唐·钱德尔 Don Cheadle / 苏菲·奥...,2004,英国 / 南非 / 意大利 / 美国,剧情 / 传记 / 历史 / 战争,8.9,370310,当这个世界闭上双眼，他却敞开了怀抱。,https://movie.douban.com/subject/1291822/,https://movie.douban.com/top250?start=175&filter=,2026-06-26T20:43:20+08:00,2000
192,恐怖游轮,Triangle,导演: 克里斯托弗·史密斯 Christopher Smith 主演: 梅利莎·乔治 Melissa ...,2009,英国 / 澳大利亚,科幻 / 悬疑 / 奇幻 / 惊悚,8.5,1002260,不要企图在重复中寻找已经失去的爱。,https://movie.douban.com/subject/3011051/,https://movie.douban.com/top250?start=175&filter=,2026-06-26T20:43:20+08:00,2000
193,芙蓉镇,,导演: 谢晋 Jin Xie 主演: 刘晓庆 Xiaoqing Liu / 姜文 Wen Jiang / 郑在石...,1987,中国大陆,剧情 / 爱情,9.3,194402,,https://movie.douban.com/subject/1297880/,https://movie.douban.com/top250?start=175&filter=,2026-06-26T20:43:20+08:00,1980
194,东京教父,東京ゴッドファーザーズ,导演: 今敏 Satoshi Kon 主演: 江守彻 Toru Emori / 梅垣义明 Yoshiaki Ume...,2003,日本,剧情 / 喜剧 / 动画,9.0,295405,,https://movie.douban.com/subject/1310177/,https://movie.douban.com/top250?start=175&filter=,2026-06-26T20:43:20+08:00,2000
195,牯岭街少年杀人事件,牯嶺街少年殺人事件,导演: 杨德昌 Edward Yang 主演: 张震 Chen Chang / 杨静怡 Lisa Yang / 张...,1991,中国台湾,剧情 / 犯罪,8.9,375340,,https://movie.douban.com/subject/1292329/,https://movie.douban.com/top250?start=175&filter=,2026-06-26T20:43:20+08:00,1990
196,小偷家族,万引き家族,导演: 是枝裕和 Hirokazu Koreeda 主演: 中川雅也 Lily Franky / 安藤樱 Sa...,2018,日本,剧情 / 犯罪 / 家庭,8.7,901692,我们组成了家。,https://movie.douban.com/subject/27622447/,https://movie.douban.com/top250?start=175&filter=,2026-06-26T20:43:20+08:00,2010
197,魔女宅急便,魔女の宅急便,导演: 宫崎骏 Hayao Miyazaki 主演: 高山南 Minami Takayama / 佐久间玲 Re...,1989,日本,动画 / 奇幻 / 冒险,8.7,529960,,https://movie.douban.com/subject/1307811/,https://movie.douban.com/top250?start=175&filter=,2026-06-26T20:43:20+08:00,1980
198,冰川时代,Ice Age,导演: 卡洛斯·沙尔丹哈 Carlos Saldanha / 克里斯·韦奇 Chris Wedge 主演...,2002,美国,喜剧 / 动画 / 冒险,8.7,691085,,https://movie.douban.com/subject/1291578/,https://movie.douban.com/top250?start=175&filter=,2026-06-26T20:43:20+08:00,2000
199,忠犬八公物语,ハチ公物語,导演: 神山征二郎 Seijirô Kôyama 主演: 仲代达矢 Tatsuya Nakadai /...,1987,日本,剧情,9.2,220795,,https://movie.douban.com/subject/1959195/,https://movie.douban.com/top250?start=175&filter=,2026-06-26T20:43:20+08:00,1980
200,岁月神偷,歲月神偷,导演: 罗启锐 Alex Law 主演: 吴君如 Sandra Ng / 任达华 Simon Yam / 钟绍...,2010,中国香港 / 中国大陆,剧情 / 家庭,8.7,615765,岁月流逝，来日可追。,https://movie.douban.com/subject/3792799/,https://movie.douban.com/top250?start=175&filter=,2026-06-26T20:43:20+08:00,2010
